eeg_signal,heart_rate,skin_temp,gsr
0.3686403679176974,72.37541693632221,32.04112784857567,729.1734542842298
0.3676001186203598,79.84825568694549,32.95174012917909,600.2465807126716
0.4663603383486825,73.94406110754221,33.69308801610417,622.7915928995701
0.4079491645913684,79.30955080966338,32.943362257687866,639.7927079672812
0.6979522651503324,78.8463007718174,33.35870143008033,698.1875004768818
0.5933291150567064,70.23206475217465,32.84713215191179,679.7118163227203
0.5346078992372268,73.79625444265986,32.3919057391019,615.7242572102315
0.3969839537416209,79.42609610212898,32.31244777778371,660.9242120283328
0.6885299086177203,72.83922073054751,32.44609951789364,724.6032011785887
0.5126256759767592,74.51791878270976,32.46798781608552,693.0491188940852
0.6860350534643656,72.5897199576465,32.8583480652572,635.4516841989454
0.42519762916551523,74.37464774919599,33.60207039717119,793.6276664778793
0.5596171540682855,75.64504523167726,32.66120800461507,774.5401200390265
0.4510432807939883,76.20307773079398,33.715204694944894,650.9669355057946
0.6412062966135489,75.37687838357229,32.85647211768091,798.1457902825875
0.6450545165640882,71.00148523662321,33.82197416223757,668.778968252197
0.6704638546136629,79.01226881371913,33.16153161618414,629.2442807333917
0.45757174717475046,70.90494300906884,32.59561862556578,681.7053348290103
0.40913675659635207,71.65712149531387,32.629551225450456,658.1751974060016
0.4688830364994713,76.45250062729386,32.655175910709275,685.0254595674312
0.5158017475119796,70.39874612805858,33.71632250018529,738.3897422593042
0.6729953812651285,71.68550676847782,33.48260144799698,781.2374913265055
0.3467302418249332,79.65343532789936,32.08685145701255,722.6280690234971
0.6828494382160025,76.96963828042225,32.034147778227435,686.6462425428653
0.5663179946232609,73.24833390127831,32.22431757164948,706.9929622771716
0.6600433298959654,71.36570915573593,33.04517199607908,773.4151081803138
0.5242255478511182,72.29617457417655,32.451171204770326,631.272017375183
0.5529355681457496,74.22067957605506,32.23228309535685,642.3671077189475
0.6490452040832974,76.40852743553641,33.40447360332051,738.5492911976417
0.5751555678582039,70.95729243939248,33.59775406815293,663.6395770280639
0.6830388898500914,71.85791958921806,33.78850549497921,723.3146592749578
0.32475527105359764,71.71356703697985,32.38679859602553,796.9153717084926
0.5909937774324278,79.95614709087269,32.48656787617725,680.4971586934927
0.6443084224695423,73.98075057101879,33.55180102918701,689.2652257542139
0.4848584661631431,72.46531753882033,33.8150139219875,661.9366113773264
0.6230841638005099,77.81385768097314,32.94018285005229,653.7143440302121
0.4471621894366501,70.41531810872821,33.432773352252106,795.6144706296781
0.502176199534924,78.10229271245935,33.01864901842856,652.5930680767141
0.38748441339152173,78.22365432141206,32.398422559670905,656.3237882219412
0.4469169003898056,79.50227455551371,33.65968535685345,626.7587831571734
0.34975926921306816,71.14099351254245,33.53403082036437,690.4565596856271
0.3700671276381502,78.07205575309683,33.03241152505195,699.5280496111424
0.30612747118314837,79.8121253729827,33.86819487770326,718.7956715101615
0.6848121192444763,76.35396085734683,33.859759615892465,791.4917269222688
0.5265649346313966,79.3088811439706,32.4525775906173,730.4212125243926
0.4328501103991795,70.17246319476808,33.09561892910622,748.0508626858349
0.35843379830906535,71.04162552251421,33.46156103677507,638.2405501350013
0.6536210260226671,77.96942309308449,32.191997491584345,642.3978625836701
0.32155978784300454,76.03217677426642,32.24845952795889,796.6633043917325
0.512389531895296,77.7968836560054,33.06105804277317,761.9823530543675
0.671582943476135,79.12307181771692,33.74064094674137,737.2148207454908
0.3047052501758368,71.7624312204864,32.71629354164465,737.6397277109292
0.4627402439910676,78.62475888753606,32.42230318946512,638.6106782621657
0.3749755003671042,74.99340477841295,32.273392520420444,774.9843953781234
0.3307798163222635,78.39231769938505,33.55423706604358,766.0212264463808
0.6573481451700268,75.50546959961555,32.89084091748788,798.6259071620013
0.5394679420819297,71.18574598255992,33.983953486998224,795.4450285429986
0.6127606001590487,75.98897728835516,33.56486055641973,660.6718804729821
0.5035162773856589,78.29279215279306,33.34366746772734,718.8017928617897
0.4182762990118937,79.1738538560669,33.33900119951369,746.2428651476364
0.3374791215287316,72.85677806413591,33.2628783437782,789.6167189729614
0.5170131584517688,74.7621841801744,32.49632417059243,779.7464514595205
0.5318338236251,76.97788565903639,33.447943190188084,748.7326454479286
0.3000196740448117,73.85818305214728,33.387979448607744,672.949031479135
0.617207476728669,72.98780249739866,32.629721991712536,736.9485172369739
0.4295008653700471,77.26276645040267,32.89258931826873,609.1056130385298
0.696483381227841,74.06200473421713,33.936130749495156,630.0385419442395
0.46023025874999823,77.03176531900752,33.42341274025263,713.0901527487637
0.6840339310293483,74.39169607302684,32.38074523284559,627.5271074801584
0.5164108163847834,79.0925136765034,33.01887610135037,703.4724994351379
0.3894543675371578,77.33490752212735,33.51748215330866,685.1152006136332
0.5187593578131574,70.6322016539427,33.346515767903036,749.3373768388033
0.35368176974603277,70.35463550599788,33.920901773757834,619.64538181414
0.6253052750165106,70.03896680645967,32.80074431857004,756.1480307714567
0.31636603144972736,77.43679412851114,32.039925656084534,617.9448254847117
0.6365705370388187,74.9164388584379,33.95922578943374,666.2576341931044
0.3998502390749935,75.92969185926562,33.04901816114652,737.1581142165837
0.3698450592845342,70.05063015032242,32.13068521355396,799.9370929979491
0.3884408310967088,79.25677422303995,32.04115185577275,607.8192837588832
0.5404892336162799,70.59050121725696,33.77906703565926,704.5235190332448
0.6040250787913042,77.28211619584053,33.21976325381045,653.3590633063006
0.44521603568322987,70.22423260948317,32.72140987285276,762.3347258671615
0.6944084920580393,72.85870483340734,32.018785298890194,670.539501696487
0.42844448498723425,71.21492392025283,32.09367190221343,644.2943765306921
0.41397566911327816,75.35248416185016,33.469654577442796,750.3529266508897
0.3851721085372661,77.02565944291844,33.41301424423793,637.836885841779
0.6259803564038016,78.4695553738076,33.906196668816335,650.7460338611752
0.4227254757500545,72.93379795642657,32.40937391975635,615.0804823196593
0.3150950687218131,70.09183512140719,32.34607150851037,783.689843445297
0.5742853010692883,75.36985951903158,33.9405112820414,687.9530336469104
0.5620165613183694,75.33900467104661,32.41109632314968,750.4203475400827
0.6622611091416015,78.44066154064222,33.499355495458985,684.8210770669509
0.37259625342365044,77.6344669949621,33.79022521628424,625.3711626925543
0.5362295405145012,72.59631014756746,32.67160472777465,686.5949949267874
0.5988478252426941,70.29923851743905,33.614029470921096,641.5990334593861
0.32195409115946844,78.40682112451162,33.96640101953935,790.4751935422804
0.6825209232552562,70.77001111181174,32.08689018510646,789.6325435822414
0.5333551911859874,76.0478885311934,33.37962700740915,675.614380170078
0.4932406960570311,74.479397751221,32.62442022887517,761.0036219597675
0.41499154726231996,79.97598754878689,32.10084201189727,662.5642827990425
0.8675402531422886,108.47425108960792,36.10084344808662,452.0751650561459
0.5788885496126734,76.35093506370931,33.885469008601646,602.7446223705111
0.3025582907790026,76.26064352308714,33.57687900082057,765.1560827777874
0.5606608475938428,70.6058208472899,32.1946145962997,675.6283389131802
0.5919878795362569,76.58112736902424,32.62880374084604,673.6398715805174
0.6359020277766454,74.62688338342971,33.8456524518049,741.2656111445838
0.43552470535020016,75.36399809209414,32.022594031581754,708.2967557893927
0.6109645502592027,79.5496459500292,33.159994688348064,624.5656307700028
0.5379436158426609,77.41906551108859,33.2727343612763,636.7664235852894
0.35265990303869127,75.63777685563487,33.89120356585493,600.9803916082664
0.5884897750499363,75.56747620681708,33.63943740392935,740.46441614931
0.4739793923438803,76.4407821726356,33.097715502717094,675.7725736721121
0.6880684165020159,70.13392743510992,32.74277929794882,606.9551915230741
0.5772237973796168,79.67226553745499,32.280043603037335,696.1822545412944
0.30081670335630234,78.92464598328425,32.37445395078119,793.9158522135426
0.6283957331144447,78.39406009086373,32.76922103668743,603.3209686226447
0.6875479408195324,78.97488048865648,32.08585472346139,657.319623518064
0.6582917185397504,74.84941710989172,33.828327656247986,626.9707328177925
0.4196970377265413,75.57261405084918,32.87651008283327,756.1449226458016
0.5063021935821174,78.25496251738159,33.417715816242875,692.0850003037323
0.9406886565958866,103.80894992946601,35.158486458066484,404.6190797454487
0.33058351030714334,79.30995123137222,32.85066695819795,742.1301258082839
0.5569260133153289,73.87909897749206,33.75853822848972,636.5353101146734
0.49226077886201003,76.31083017399489,33.710132355772274,676.8361306097911
0.5070809572852568,72.55741467563931,32.64601961650656,624.6930242737212
0.412747470290684,75.97176801113733,32.911879664349016,626.9971579003925
0.47038613504930626,71.45859233057084,32.76369252400911,638.2884160781199
0.6425501416686542,70.59454834495607,32.96795620000039,645.4198761639067
0.4800447659419631,70.22691176015404,32.69719954999703,774.7481089205313
0.41241294595347444,79.85709976423455,33.45101055785571,652.5051871910599
0.43358885415981857,77.27825644150235,32.79346469068431,613.1449935841321
0.48453116777399674,76.46008863251964,33.391193856329885,794.4084801846301
0.44671024744763677,74.09762495282172,32.06381473412984,663.4949773178589
0.6294539730261899,72.00983177947847,32.825717674312024,655.5362947487281
0.42293487465368584,79.24866928726891,32.745088012543626,783.8410457226181
0.5483933296925549,77.28833930103426,32.10244249457776,669.791063516049
0.4733828708430362,79.55799768640343,33.196115112239724,649.4547448640196
0.6990514338327721,75.95334754088157,33.8986029165014,701.1469844889284
0.33018477345550573,70.07681652689124,33.06700435963126,718.0421836247257
0.5792000009270641,76.12616568594677,33.44243283406888,731.2759625064375
0.9356394439192925,101.29727194709915,35.15795327281398,454.5152752738187
0.4611543862639389,75.82208119876441,33.41150039961728,635.0424696953876
0.4417349754348195,76.81469997029058,33.98475184111821,611.6889174395212
0.3742735416568337,78.99718842599992,32.53343956889016,781.1272986431243
0.6709249547614364,71.01003994405643,32.084411463502306,663.774254858621
0.6066686157185257,71.87447322767017,32.81694597248376,619.6374857882832
0.6537495219471028,74.04097508189781,33.30125560878401,708.9413736781703
0.3435777297566049,77.14338497699556,32.621157204927556,731.9942551185794
0.6646049175396784,76.75959065340255,33.476516771329365,702.9115690317144
0.4611515547729821,72.2111300805686,33.71683040225992,707.8943158214571
0.502845155615695,79.89427989143908,33.78001622102984,630.3184233308239
0.44564044662850183,78.01371283757385,32.123770965519704,751.2632892310002
0.3815521434187421,70.53921145632748,32.111171760018614,694.5291426482418
0.3994025146156479,74.67853494965044,33.12620519641505,713.7929151401011
0.5711894525214711,73.33316905855028,32.20648378031105,685.9832955662978
0.6988509682093498,74.30558318652328,33.409413290771745,633.3869272387134
0.5714611723028815,77.32039241820443,32.52946390894631,665.2510923663176
0.44726477723715585,70.50676202099058,32.929207980900394,735.8102666688818
0.5448546676357743,78.5169468656553,32.87243326238342,600.6735648492582
0.4999116025125965,74.54297027113198,33.3902546821973,781.1107309335918
0.916833272957344,108.21322160143781,35.34678136566459,434.32269505899814
0.45266694447246014,71.0056103289285,33.60308474056015,709.7442692106064
0.413671002520332,79.78271597171103,32.831347525772195,793.5320798519851
0.5501308656480202,79.87446866815237,32.34411464742146,623.7597405171916
0.6275931416508056,70.66814107547255,33.394359701674816,647.4146911876525
0.6643396239247654,73.65316213516269,33.46279291183702,692.7146193171562
0.39488288791409265,76.5862431823302,32.418439963862205,739.2453808478222
0.4184748763104628,75.61143101029543,32.30251718558007,755.1323400684537
0.40173241113756253,78.39080392915677,32.95900891738761,612.143294950256
0.4127279919590582,75.76835754996293,32.37759975136289,602.1248391883632
0.5377100637128533,74.42281713513994,33.97595665736899,622.1712241627895
0.3954942808324473,73.64860191340766,33.53806368827172,771.0495967239485
0.3048494038022894,72.52810148749863,33.021601251056914,701.2060899737468
0.5049357255231441,76.47355190876446,33.28090521700078,651.0196122470526
0.6760681635888915,71.69139243787924,32.887117715489644,709.726649983124
0.6967442704345955,71.48253662806962,32.156420806731056,612.5455527144766
0.39025129041623263,76.91791088738606,32.23125894179451,740.2771781465467
0.3380022765823991,78.68647786637848,32.797302166554914,633.1952542848145
0.4162577861486747,74.57040152135055,32.44157339815187,662.9918444415517
0.6081341679223065,78.63019045328609,33.81423432664283,737.6775590388003
0.8214143632482014,99.903779613392,36.578079840939914,409.3627173335975
0.5689146924646371,73.98735770959794,32.536271424831725,795.2055182058803
0.40649058434491586,71.94063057051049,32.58749075782071,678.979597484047
0.5631496424973484,78.4360854266072,33.05325578246329,678.3234130334704
0.3624204234049636,78.38462397920372,32.63709689765956,793.4888850902468
0.4963596131444187,70.95162576709627,32.07979470474128,751.4981239365354
0.681119956005539,79.74420543040996,32.35897278069705,731.1955883724837
0.3298569701833507,72.1300826945435,32.76456866432179,738.0315278108899
0.5964599893940296,79.62580010155092,32.7871350449558,739.004923587331
0.6435772880596402,75.92865360256702,33.6902552819259,615.143116080145
0.6213559930366868,72.81664889417863,32.257032881031094,704.1261225657388
0.5116143402439615,75.0976353286228,33.453279851903105,682.838550868906
0.3213526189519777,74.05290231401924,33.93514407835351,772.9629372817907
0.3787695566232927,74.98851088677833,32.04227928286294,756.492815841746
0.6136595452539823,70.37954330890729,32.95300445751183,602.3543071624894
0.6149651393525442,73.01298814893201,33.58754429453895,789.1142275853769
0.5361809413142655,74.80052449168672,33.98926799639108,695.2897920525784
0.443590993032148,78.19567838893161,33.94488979393984,638.5474614077867
0.41327644777453376,76.56896287966342,32.350514473458276,697.621324655255
0.6503266684495621,78.804722950912,32.29434997249475,645.411663567297
0.3496933812116639,78.17449560125293,32.647637411910196,631.0655640898955
0.5862545574724036,71.30800235963862,32.86130454741625,612.4821132645642
0.5137007190568836,75.13391851337437,32.93965212292092,608.9444300869494
0.333681128116176,71.09771635262976,33.873435164454555,639.6608962985953
0.5309914749524036,76.77281906745408,33.2326050568772,698.7893581956329
0.40225968994588834,75.61517596950183,32.61309499289477,762.6230225850442
0.3334985960270137,72.72900712691174,32.98701299013436,657.3394794796363
0.4656699125888199,76.17419643347169,32.40949677308952,633.803242057307
0.3899554448577671,74.22930749113097,32.60614110829964,600.4996511028114
0.3689076041468754,78.39424843163978,32.88529645120187,726.9611206951787
0.3774073917209603,70.10957950200154,32.543913321701815,735.0758729940737
0.33784870725715294,72.52119660920785,32.11182473120591,671.4608274976039
0.6747873183067473,73.78867625692229,32.5684466819838,633.5237737784538
0.558969246527552,75.79512631768982,32.525355848388756,601.2950201314953
0.3899228696461293,71.17040063239293,33.985489059396876,757.7409667336357
0.304961274498821,72.06187621598106,33.919794507087886,743.0439953977751
0.5859633358671581,76.55350582578207,33.54643769600018,715.2502430818463
0.5366204534344063,73.45751092998833,33.21339655513123,754.2469527197197
0.5854024663862054,70.95108735412394,33.60974963521845,777.2813149908282
0.526188076512843,70.82345269080919,32.00435833239487,711.8263926598428
0.35505258829173403,75.03584779719273,32.47387363563441,604.7304983156035
0.6833628726528298,75.64130172211152,33.37609654705567,616.9991908535098
0.30661423588868336,74.37709653174431,33.76317553519907,779.7028686080213
0.5456447552320327,78.08417808659708,33.74821668533655,722.3620378740667
0.5335026013854569,74.31858913890969,33.153796221241436,627.0412856711375
0.5872154685168083,79.10202019099675,32.4230108553947,758.6990735215545
0.6554485486298902,76.67316814359185,32.83621750620071,670.8741037760274
0.40481883741373886,76.01548745814651,33.9693431708341,643.4683278266452
0.36681596693806656,77.43884868344256,33.638542083518026,750.7876716632475
0.6079942091160156,73.8674271354185,32.31041688166462,738.7749202896943
0.40021701283494804,78.94563256316711,33.36091865297743,755.1406695919806
0.3027865059430159,76.34894411366687,33.38734126088333,673.225501284986
0.3291098359896566,71.82203282381401,33.012897815351614,751.9241920394082
0.4145315002538752,72.58525936112335,32.35396674850201,797.1741352242128
0.6780349523344457,77.66641493968804,32.534856068207496,645.8068336063949
0.3244316610768138,77.10009887867639,33.234935496682475,761.2717613636695
0.6985220309472155,75.58085588682442,33.755420022347565,613.4378329314718
0.571031158776891,71.48397419306863,33.01767604448387,698.6602199491558
0.5250189122365796,71.0926579976628,32.1213074067046,603.1184719205331
0.5090333357631884,77.9954139108772,32.07701439878539,604.4925141241424
0.6780347628179988,78.7410631982955,33.7650645140754,612.1664706602116
0.35514588526512325,78.89569275256106,32.0262315219072,758.4616305422468
0.3632288170854175,75.70620661989584,33.94184391817713,666.8810443968648
0.6644963242588787,70.19749183373442,32.430927634624716,638.7115741450624
0.3270780419601118,73.74277308687101,32.30032656394318,739.4183535948405
0.6885233503902508,79.28831745324631,32.56644146992885,620.2624979417379
0.6339734455302835,75.3775953813701,33.38600937287273,776.1580588408278
0.40616872069176807,72.6351573973927,33.444371755615094,733.7560616206545
0.5418110636729516,78.21357118804193,33.977791776580524,620.2651843897225
0.6546737213276679,74.48959765814232,33.63995516134252,692.201377048948
0.31429747743080855,75.05639801115586,33.7719498320952,625.1944598401456
0.6658215243432739,76.9044382791985,33.800980368796026,635.8134772616511
0.314598375140116,75.56319927225482,32.37161990565086,771.0291900230766
0.5857614262975932,72.27635653720617,32.24171333594936,751.8394065500287
0.4127355268981312,74.29441253991703,33.849014161875886,666.9976849563861
0.49662371036092745,79.37578319667269,33.258001452894995,603.7845556229257
0.47287022907650217,73.96691893246566,33.88770432167027,697.024984215401
0.6531138011742388,74.58129680476715,33.53628314275015,791.4797275226049
0.6526863771494148,78.35537762732997,33.467418863411424,741.4116556922181
0.43397266043451665,71.72150897786972,32.07612072705633,602.0971249814444
0.6483996968283148,77.15127179722418,33.60932690898322,671.707421156896
0.32681071774870135,79.8525597667073,32.50627563143455,688.1148030393354
0.3689485127436678,73.4571190569889,33.53303959394628,757.1116893242624
0.6269851004195811,78.68272561040803,32.28361839484227,785.5515736122206
0.6826327750530702,72.66068836996767,32.616798509107,794.5564879094412
0.46201518485593157,77.42304167122775,33.42173895833938,624.3205115248338
0.3866278622551156,72.17633405209614,33.089287294007235,630.0697745359452
0.40022116477861136,73.30926267229164,32.10424703365148,668.2420665723532
0.6996196337480091,71.51181223358495,32.76863146128566,625.7175433970865
0.40975476929352583,71.06991960279942,33.03887981739829,616.1474424996708
0.5644024020008407,73.44780821696537,32.26093761462892,729.1848347941791
0.6307799508183076,72.07315693043572,33.33246842387958,708.280952413077
0.31382926582485626,73.27403538891824,33.07885615140653,682.6403722396169
0.4087276769466145,70.43192095715133,32.319812875990344,613.9426051614702
0.6590593372632279,78.17972765264555,33.22126568558646,721.326388699036
0.5162252329418477,74.13799832412745,33.03241648128065,762.0420963736507
0.5815832103012601,71.5621130475181,32.07684929882567,751.0545295948976
0.3849794230737647,72.08928884236516,32.35598587787652,712.9177016317013
0.3842089925375849,70.30352095725029,32.54164867243165,783.6761705559696
0.6955927089550535,75.9988650672312,33.00632284458517,672.4319447389646
0.6896890918245222,72.28928408027284,33.652773684944925,797.8350901633363
0.6775839643382874,72.49516943941238,33.4488884523959,700.2488724964747
0.6421568676692515,72.78223075815097,32.86816253987253,603.0228641518715
0.4876255276479256,79.98710993207091,32.347010005574596,721.2474989231775
0.4399451219965398,71.45906694756351,33.24992842298971,685.3912925846334
0.5796074500006915,76.2336366136106,33.54212187927573,724.5454499054401
0.36907265264824624,79.4953796540399,33.88700291736492,750.0877602353576
0.5465290316818253,74.37577480601479,32.05597304768935,701.8029519777259
0.6338038558233205,76.43574814588686,33.365302279466505,633.5283126209353
0.4673654776960204,78.74119952980882,33.86556527171437,630.2297455478814
0.4625412698366682,76.94399092410211,33.15447287834471,728.372813456722
0.3260738494734232,78.67212392155419,33.65742564473221,641.0446105328514
0.379150121220341,70.18188363394835,33.63080018100053,738.4157580329174
0.6780062539421163,75.51444466291812,33.49496807692846,695.965112642257
0.4322348600307841,75.96040766269066,33.38183726958158,667.3752939485157
0.32098027078111074,76.1808353135155,32.31793345925869,618.9475221434857
0.5014292621094049,70.89877317753817,32.45671421736831,652.5871022693121
0.5187348299001499,79.80966125596915,33.56798011453423,669.7650435852029
0.4900107070182391,73.58810828291845,33.99406761529417,621.8668415802003
0.47043640745378335,73.33018682279202,32.29696795579902,642.4066976697248
0.6260108784415916,73.72768372842715,33.293597748478085,654.171739602348
0.6888770667926047,70.09486902523511,33.57111636408629,738.5938561242008
0.6419469290346534,75.56592942433792,33.996832954866775,707.9299879543531
0.35288826987542565,73.6110741556014,32.6812370823081,623.8174838303497
0.5858668316682691,72.6855678371511,32.86436023952864,726.0106918367663
0.37162097947614936,70.98200177994156,33.31624482400849,660.6326555799438
0.4391280283251011,75.63693846411857,33.831077665367886,686.7292404661769
0.4769355814282531,75.3994109837833,33.26385258605842,714.8998580849994
0.31223186059092983,78.33224207282771,33.63441393777962,747.2191106673033
0.3748651192978242,73.90591355526148,32.07854051394632,773.5720183394891
0.30187508629127097,77.3586948625642,32.277037880019,646.7143915778711
0.4758837114853439,76.28019768409347,33.500710170183844,707.5400146774373
0.41445113062830474,72.50238959563642,33.34099437513848,658.8835767419141
0.5116897873823747,74.52510015491508,33.23079257071613,758.0984227406882
0.3544473189497883,74.95554455017232,32.74353978781731,731.7524454786835
0.30030313036156936,75.55762177253848,32.69803437663216,736.1131127143677
0.35586755124478014,75.74203443083333,33.65257227475692,718.636152277051
0.5277686529425023,74.3157090918613,32.66210001676279,773.6932529341302
0.6805521614996339,73.59278165349308,32.317971301908926,692.8964962538527
0.5071379713978468,74.30495739964475,33.79164160833438,698.3940195149563
0.3431267119470555,74.12959099277961,33.31736867244606,680.8479078478409
0.35420133288891126,70.37623666611287,33.08575855182088,601.7200158607078
0.6312980122789955,78.08854713005952,33.4481897417919,624.4267256946728
0.597073277123394,71.25242429953947,33.400031273208384,772.5959211641003
0.3804990746675061,73.03248530912123,32.71435212485855,647.4515269266072
0.6154407729518829,75.63075610270738,33.95607388143727,631.3484431784715
0.5710678463248542,79.78008687010745,33.796327241471715,743.3760136838878
0.35938909187906887,74.00504818191773,32.34817208281198,754.706319372794
0.5274853468778917,79.72855439267676,32.172135980784866,781.2821545059036
0.46830872849702665,70.14294541459911,33.45005576213274,638.1249585082516
0.43679826952224254,71.56657161967999,33.28762612381489,609.7495379082313
0.35792738463772084,73.0998953510751,33.86546739978228,667.6233580553903
0.6691640440811537,70.99892833800594,32.90271486320631,712.2809128335767
0.4822356709959723,72.61500438488612,32.861314101163124,690.8759480303822
0.46842081479645636,79.34592195809634,32.78034444651936,684.5831521228697
0.511323784778578,72.34654209119867,32.877275073166146,630.58132253331
0.6461363497864647,73.93538409947486,33.530961273237864,646.921001732287
0.3770941875788277,70.79844512421579,33.45491076387689,782.5168596329543
0.3822507970701258,74.88557926305884,33.668636027141595,658.9081054323626
0.6396204127255798,75.3244046434767,32.85556302903632,733.460447742458
0.5139632942639368,72.98189611351987,32.52434591097415,736.2139879953663
0.5381532010476973,78.04061320265849,33.028036734474306,775.6188238243388
0.47503469992944813,78.56130115974833,33.53718213307557,702.9148053175509
0.4953631537110655,79.36070267697971,32.60666965845091,647.7006688751094
0.33894269406527827,76.86252845484125,33.02570441934462,699.2939420225175
0.4989016137305643,75.81089259729094,32.22844627470943,632.5945099748163
0.6608859843697427,76.4674845382932,32.50395797245794,745.1117319429063
0.3379700239655266,78.68281947289884,32.252334620729236,625.381699526402
0.6116276549347551,78.84531204831464,32.733434636341705,670.441251394245
0.5755484496131844,71.12142017512751,33.59106863416212,701.3931021342646
0.31654816334172164,76.62257995787849,33.23692256475158,654.062202299943
0.3896616553323659,78.66111023885085,32.631553959723384,625.3497315139448
0.6010981791629764,74.4425147315174,32.28422810623004,600.8037220351919
0.4865318066669252,75.62100506153314,32.380020740401825,635.6738169264295
0.5384871005050448,73.60458180847246,32.70283098165639,769.1591302140101
0.5954452558844099,79.75498126092346,33.12501261037258,759.3413307899684
0.6785117672184351,75.87773710540007,32.74985942059907,771.9717412660016
0.5588713744048954,77.60390962229752,33.611895671226705,691.6694489167112
0.6716659077654266,77.960581178196,32.096766931755205,790.4731291739291
0.49183333102892324,77.47399428958617,32.53302346006949,716.3647898056223
0.41430786750465876,71.07565796931719,32.60198489078499,623.1034295871577
0.3800094749246,73.3457031339719,32.80633156740981,698.4849144976631
0.3100520348170825,73.06380262403029,33.2202230417823,691.569990169269
0.47309606452832875,70.69063688922772,33.31535022618922,735.1790349244183
0.300031118078708,76.38145667078513,33.11257418084185,784.6670279557302
0.6628243510070609,76.70378580672562,32.01572401459329,688.092397218815
0.384892885374393,79.57881716117532,33.76022064934986,784.8807936091379
0.5619451377170711,78.77084357006389,33.23499638829507,782.1016930286761
0.6758006823356688,78.82247069264706,33.113672624755694,627.7273533061827
0.6733507356302434,78.90506163763331,33.20305257625692,778.8948860702869
0.6898480131024567,79.23625076178266,33.88885105685818,793.041611116193
0.40685825733645165,71.82740448003518,32.35436265697057,647.9784466039401
0.6904135501518296,79.80171235458673,32.70155487521537,614.5184844618951
0.470179059497752,72.28229233715186,33.153694301187706,772.3258030431178
0.4643660873141642,78.53799254075561,32.090560916644186,756.7572376794237
0.43463583603672973,71.94418357580537,32.21610841553095,714.60042835573
0.5244044314274542,77.55711035610197,33.56085745170568,631.3029449857506
0.5121039362081259,72.2859278265165,33.41115920068589,773.3038093586135
0.6107513266383715,77.80944084607039,33.75794421514144,651.7695104393729
0.5816946888360112,79.87028098295333,32.74036635352926,624.5018061998067
0.4262493010968327,78.32592475333493,32.58633092403269,687.4555733571003
0.3378229433545746,75.72436143557208,33.06107428799984,661.8988183312913
0.6986741993553756,78.90989894656776,33.28020341728456,622.1752370846738
0.48109278500265834,71.43459945324244,33.7485234598233,693.0948622326666
0.49133782843873897,75.0157558659527,33.89165613538049,768.6205904007089
0.45272776496261957,70.74580667837024,33.70676020368196,790.1825298676038
0.40931599490568304,74.13979827173019,32.538333645222615,784.8745688457059
0.5622352097550184,70.99351602207945,32.93752228864964,645.2787392771255
0.5669858838451685,71.9197694628205,32.59529234061335,796.6482856603545
0.6954339525332236,74.85964273299786,32.88007812871943,611.0379610642015
0.5900288426853745,72.6623051431908,33.83182204624186,688.6348285081898
0.4209582989777892,78.76876265828001,33.491314669220884,797.2745968212903
0.5973198640089692,79.86919217075048,32.68292298886902,695.7541052876039
0.5886080742306354,72.91540005274408,33.80536451543418,693.9593866582001
0.45837120449425295,79.81387769630575,32.82291171646183,775.8365378332433
0.6347132422743439,77.76812525056754,33.50588452320621,671.205317209973
0.4985052281420854,75.24975289700943,33.945324086995114,761.6544914363265
0.5836576048541368,78.63744429656258,33.20868945304081,620.4588391109955
0.5349535398054625,77.01850401420691,32.33979911092934,675.6744117123352
0.6813934875707596,76.28898360744918,33.71667965260716,659.7541233525421
0.371086466941541,71.82249274600116,32.00577059247993,654.3203532435074
0.4430726438805408,79.75518231752771,32.818841494786895,601.3880642588719
0.5286080474319059,79.94060159092098,33.33044387362422,700.1145202190688
0.4207122337007177,71.40220184950556,32.65911998163004,652.4554963491587
0.643046854808659,76.21855426469966,32.59798871454434,726.1065122828601
0.39918859359394987,75.73912574791501,33.97764634923644,698.4353483631902
0.5488626168393265,78.27869939680129,32.114369418630766,725.8184683361839
0.6620266186286745,79.10467856888545,32.5712187131367,615.4246599244076
0.6698123907431335,70.8715809020857,33.37859554628498,779.4720080875662
0.6336525771615299,76.43196224947592,33.176727579505624,712.2608222195408
0.6897942924806943,75.21856998346745,32.20411307912133,799.0608352935648
0.45749604201151417,79.43094272621207,32.981056115363245,646.0938065137796
0.6680399461267487,76.46304472236712,33.55009834827599,720.804672024952
0.6876312632637054,78.89882183709065,32.47194817498173,749.5727263906939
0.5171295121789502,76.04349575795236,33.289216910654545,673.373038807031
0.31582953541211584,78.38420863871707,32.59743565606767,781.2524917324915
0.3419376579591882,77.0367515230036,32.40028207008791,767.2108230281735
0.6909497372433706,75.9684900669424,32.349601623510516,713.6923082309677
0.6568070711521049,71.55733681760802,32.12467588518297,693.2543230296989
0.4519393520679748,72.68116981180066,32.3109707851493,749.5904481040644
0.5917455704283456,71.48354261573523,32.45075860557129,700.2773042779238
0.4316798377961646,71.03086889194458,33.2905616815355,714.7365878140783
0.46569508324528347,78.10676409208455,32.06732568365977,690.2763652851621
0.43357703398610187,77.16194096192588,33.19911729761251,600.441013370019
0.47013737176616355,75.82386769573131,33.725485675261176,687.6448796935119
0.377974796238007,79.33275059863587,33.25108104571123,663.7438655146781
0.38521876995841337,77.6518887947848,32.86612676008573,649.4284102121268
0.47160745522717107,74.00909148496108,33.355498325403104,769.2920432992803
0.6768052936134635,75.66808949352321,32.21578318272342,600.5011068815026
0.6410489063386174,79.89084703887575,33.1585390100096,675.4400696820004
0.5856843109673237,71.99378167655865,33.02563950708355,667.12614960911
0.6510027843280323,76.5338411985554,32.40295526429291,620.1716872536525
0.6377016591064854,75.36111920819201,32.57142751820624,782.196165982356
0.360138439743154,77.4088544653826,33.94710910776436,624.9857715676595
0.5308531978740021,73.06054297283143,32.598489017554705,748.241829125001
0.5808360347834121,79.40890044906567,33.06922502453872,737.6337519827814
0.36598326991240415,76.01184501924156,33.56650273740225,760.3740554809684
0.5086664955553011,73.88837485535198,32.300902062617745,619.5839329108449
0.6630806337702116,76.99613517890738,32.09119569215385,782.2566788198478
0.3076196828863751,71.15578864753817,32.339228349119715,620.9268182984479
0.698123153475127,73.34130234307638,32.11278454010981,719.7303167299082
0.5666469622999162,79.17902097111273,32.57729853213938,637.6516176248854
0.6162141871394902,79.53474523963116,33.35176787235115,745.7685214751028
0.698252956644928,76.78428340601725,33.83986366164216,721.953068433423
0.5869816708257778,72.96252242038983,33.90934360526301,632.8119900524313
0.46662072611617966,75.5213441210024,33.40544268304153,776.1634393260817
0.5211362083746284,77.75948322556478,32.18554184336564,737.8449546598738
0.4708171387483978,72.40229793235348,32.3201141860655,703.3826114549322
0.5084682913906129,76.74528907851824,32.33824421761356,786.4719191706437
0.4191787768540975,79.71908811159585,33.41670827394504,736.1198537001137
0.6290331561740463,75.43289080606553,33.499030059959054,722.0564614110988
0.501635966241918,72.32594710584307,32.71165100127597,636.2708362668003
0.4949971073590349,71.15444087936459,33.98888879890664,700.4448426121135
0.3181836339045778,73.06557429546561,32.78219195175303,631.03067514197
0.6011262561105837,78.12412845944212,33.265043192244214,619.2498274111772
0.6483749691629758,70.41976391044213,33.58543239464697,661.3409670062127
0.44335209089116,76.54636482454103,33.32752839057597,689.696781569146
0.3309382162420815,73.04204887145502,32.0829555087265,794.9731759469449
0.6390074137128585,79.11852380855882,32.57795422067989,658.6787735394092
0.5300976202715384,73.87768624390488,33.321310912527736,733.4141747213135
0.6170495512796585,77.20200741527162,32.29424123210209,785.981015048899
0.6215988618994712,74.27775640080444,33.95154890960976,762.1528019368338
0.6656269793074863,78.73276015441206,33.05333913389898,670.2860976815734
0.6668619243290683,78.19304540190025,32.74971722436736,792.7057815905314
0.37333105156012586,78.95238644433464,32.0053597124138,626.1047302743667
0.3344058199880857,75.55881537540414,32.724065762056384,696.7145510795751
0.5427555944752016,76.51954507154458,32.697102894300464,691.1399672425366
0.5832019217079933,76.68409989593256,33.70306109186671,732.1856402261894
0.6833695761573995,79.56895772365057,33.025519170841704,767.2775899552207
0.5399557563187419,75.37856568532614,32.906546214945166,650.0289211785037
0.5086392036651423,76.55749246205535,32.94566890064335,743.9952647710205
0.5741406449039153,75.88093499073136,33.9781994306186,737.4528638429487
0.649579863539392,75.21337191981812,32.05062155744665,755.498794796371
0.6633236641279618,79.02030003495945,32.075891890828636,750.4172654951144
0.5124832955313379,76.52995941508033,33.20219530422531,666.1740705278896
0.3891749806302254,71.94576081563893,33.10901253957593,728.43769224688
0.45196786503188036,75.0211982909691,33.295413595118816,742.0663234979015
0.6487233768782714,71.46411971792578,33.843195535637264,667.6626765495264
0.3725858117253362,76.81901592758932,33.360688764373705,606.3042249267754
0.5990529287904327,73.56512665353769,33.58906558099624,633.685066553107
0.5967455097452625,72.85884453168669,33.970975936693534,616.4145840272307
0.4444626725563044,73.66070967283687,32.66980439094599,732.8446977179684
0.6688100411997627,76.55713780494256,33.87124258657284,785.4575686433809
0.3287385782447462,75.42461410404671,33.76886052826945,620.1377656040314
0.4571061210171731,71.3270062658256,33.44474426735813,698.4686824320725
0.5242773747726079,71.50165259100328,32.06392698648805,792.6375593308544
0.5170321956989916,73.61539794359044,33.42738809216604,776.3716285158005
0.520837780646084,78.81415530186808,32.07649741550586,671.0109970442495
0.32477147882269625,77.35971812606145,33.20114634660248,698.5375972173715
0.590336852550003,75.21128213034312,32.77342187251286,769.0916511228357
0.5188151009487467,76.85839641060525,33.40795730371345,718.5068463273889
0.47947254089588565,70.52827851346574,32.695935929367096,664.6908184686889
0.4744161468187283,73.68857762067778,32.096545431661646,670.341957559462
0.531642760606762,79.89439258579446,33.59171221192372,671.3840109390482
0.685308368602018,72.63764003206333,33.86604963890071,611.7210638497891
0.46213505168898616,78.57502288797969,33.16841282886467,620.5378487114091
0.5919781126001935,77.18440120265448,32.44268728708883,663.2948515403671
0.39874297157967636,72.95076252304641,33.71262749961525,738.8775465599482
0.3621012549746363,74.20454319651917,32.89308518237622,737.811309711095
0.3961848292295772,74.94543301994449,33.04741341591566,661.0432469611807
0.44332087636411793,75.9939857038928,32.571476701535516,727.5378403547892
0.5025076430022922,73.50700495510655,33.99410701783574,689.5114307255386
0.4709498541928899,73.14406404363382,33.0049059140984,799.7362785356206
0.6901039658658349,76.71500944367936,32.16157193749394,672.0243190441868
0.4925525762016948,74.75402432304247,33.93946628744031,662.9561802165254
0.6532579069356831,72.0685768183192,33.25168824332167,726.6050547989898
0.5154112155436363,71.74153320174544,32.945823494803626,765.601387017736
0.4554788341246857,75.98362440081031,33.46745960537606,758.5357888126549
0.4065778688549172,70.88693040438068,33.168853224412736,632.0857137271178
0.6070990401262673,75.42196649512695,32.213441971818604,756.8308223369512
0.5818567161407799,70.13817888106847,33.83521901238631,783.9805465485341
0.5309940377098081,73.96336209755985,32.86884355720359,725.8930382723145
0.6002675065310603,76.09632472252675,32.8486496978731,639.6622152552711
0.5605887517691353,75.90717426730696,33.65045835854657,790.0517131255046
0.39799993840166875,78.71148571483921,33.8109768232818,745.8207789433711
0.6626535683647599,79.05166440393697,32.76852911008349,704.3206345984879
0.3609469296264049,78.94777406616068,32.90328857685475,730.00163405286
0.5561853152730061,79.78175520386354,32.76949056747822,767.6335433121533
0.6983303831562421,77.50554505602517,33.0097389302187,604.6909063870886
0.3569987080378019,74.00509189389172,33.73813488722838,714.6525478457381
0.3308518691608336,71.123749236152,32.07569841413459,687.9263627624135
0.3023124405264466,79.95953341130839,32.1043349490886,695.0697385790927
0.3092351278050265,72.12203725438054,33.45299076476611,635.1927793417117
0.3566162949484657,70.13484280421638,33.1850134648255,725.945730782231
0.42937156860640413,71.79894720736375,32.0059447080435,668.5679299863106
0.3996410621362332,77.79870560663585,32.965933435941025,644.3575654177392
0.5676506663344403,73.22656940240282,32.0874220240914,753.1050732359025
0.693434857137273,79.35354343802403,33.058717056306975,730.5962727742285
0.4438760814008476,78.32284807497467,33.56868905929477,616.3904056871771
0.5542749831181975,78.91660823091541,32.168638038284826,648.7112272883114
0.44000716381165184,74.58889507154115,33.87312343789726,792.1467367895997
0.5412909071068204,74.0684297709137,33.5467984666031,771.0529891344535
0.4620827225885004,78.9910733341328,33.70232480045589,652.2352323491127
0.46417546284900474,70.3089333493199,33.1106206109836,612.017362055403
0.6936680373265384,75.20424869272989,33.17292793259828,728.0665092102472
0.33458242629736973,72.56607385823733,33.2034725260216,726.912952575708
0.6003399996701875,70.89728181178053,33.22451909980792,783.3314669770674
0.35327801477383064,73.09040482608472,32.84826896906091,699.2069980536259
0.5328705411061339,75.38606682300846,33.70123569937097,689.7679011642753
0.5568338466972652,72.63549379274338,33.70524012541744,714.1403518034278
0.6444679503897178,72.27900024837619,33.32201427245852,617.8575577711989
0.5182090570951351,77.78222081366582,32.29405630102352,646.6134441487452
0.4894022090031722,71.29220463224972,33.718950563308155,744.5681269219252
0.45871925696736005,74.07138421969331,33.34329115781712,703.1139599141029
0.5786156062867336,79.73257928432196,33.29924425876245,747.7449159145859
0.5045930240333385,76.5364742512863,32.00546379144347,782.8949748763142
0.5744199469217548,74.82719138556143,33.354760812811236,751.0941631143774
0.45318348366867633,70.98060854482844,32.294256407894295,633.7406120635704
0.5001321791302642,76.3308865953915,33.85385144334613,644.8017248317126
0.6491208293583142,79.84719112114155,32.03463364356908,666.8775191597982
0.4468119070557244,77.0342166953299,32.4313976137565,714.9545166027044
0.31602209191669056,79.68087677156612,33.31180077550909,755.2303551429216
0.6816517244757859,79.22208261921863,33.49997003589935,693.3305298777547
0.549890516018474,72.40449849884352,32.35154258053377,700.0812999118896
0.44198018323097377,74.080479472241,32.00566590985719,650.9735303460756
0.6756970626396629,73.47848805356045,32.85435274014479,776.9075024201932
0.6537291297615951,73.18773246684022,32.34519008813584,764.6412846161161
0.33955824001550283,79.87998883876242,32.944483667708326,657.4782072596967
0.5717671645392124,76.68858595371344,33.620197437034236,758.9901899724919
0.4230472027942019,78.5529950094586,33.90714264480945,797.3506582635735
0.3817420545754596,75.95086772708217,33.837928083427556,698.8696890975176
0.5157104965137856,74.07949635562437,33.31162093442751,707.337214780659
0.5013415717844796,73.30376750026407,32.8240434409535,690.2919520936196
0.520937258371851,77.9649107875201,33.572814813416144,616.3507042618452
0.5044727993048078,74.09718330082617,33.303290655911525,763.8095932440943
0.42746561528028804,74.71920207811101,33.21383939488223,759.4197334518169
0.5361028645330397,71.80711220645833,33.030090453423384,650.3295039378326
0.38846414053890144,75.22047965575256,33.32764651622,628.7953563049685
0.5506915598973103,73.62803692072745,32.938034858137634,755.7428764615684
0.5310331947907325,70.42660619277443,33.01296757703522,706.6939701073343
0.5244179361121288,78.66100941787647,32.749602074747536,662.3613410984076
0.680551249464889,79.11070030997466,33.33347302044834,677.823992249628
0.3096178486812805,74.91050651724836,33.592236949893504,640.6558424828306
0.51507507260568,76.68305955993881,32.223444508581615,717.7107379999997
0.5532242003269476,77.9463614790456,33.65481387700029,701.8874915600802
0.540273035823334,76.54659848137618,32.117041323824935,690.8166291773334
0.5964625337630831,71.54021250736734,33.92832834747078,743.483063375495
0.6112190026154147,78.65236826082844,33.00430051886966,611.2583759314559
0.654409760085631,79.83070679692362,32.225437752322954,718.3959533469681
0.4966555312961967,78.2240485453722,32.081733309914654,671.7035903996149
0.545843074423991,79.06101436577919,32.730427424304985,714.4882198292872
0.6015166326783676,72.57286660407883,32.778420303126616,797.5359025744827
0.400759088721364,72.70702712558553,33.162726186602825,655.6018653379001
0.35464014437866687,79.48564516068842,32.956314003624335,643.9451943202653
0.6546456163662748,75.38896980717648,33.5164037806841,766.619438277435
0.40185134650752763,74.26752413013492,33.4984504571792,711.3536080549383
0.450371666182467,78.08662487163645,33.39481498619626,619.2180800118865
0.47223711743421926,73.38195952464895,33.988232092914245,643.7220274264544
0.371965816346564,72.81683714252455,32.68311601409749,643.9040893414241
0.4217799441319559,76.79382494344779,32.533223472440156,776.4646074665174
0.5294542185163474,75.65857638034805,33.62664578861705,700.5059759622451
0.5740592298586511,73.53488025830097,33.99844349895622,786.2683861089638
0.387756567470467,71.7904487484058,32.79983896547122,606.9882928363561
0.5188510845829639,77.36739825911974,33.39911468042128,651.572595726818
0.4548894874496078,70.71152365438175,33.6100098976078,788.9374148225891
0.46006885259544744,72.94338010082977,33.38206319481994,710.5719964712854
0.4409972397529258,79.37648114011385,32.787228193598594,621.261424549171
0.4977987531038602,75.3030987161133,33.59020917621691,656.713167910156
0.4985119179576079,79.83576999053273,33.450528257244,646.1569853027679
0.31901701068555527,74.33909288842727,32.27631975263864,609.6859703032585
0.6287938355301551,78.36798672866344,32.554404180649506,726.1187342000026
0.6993174186247394,79.42431036729654,32.956667148411945,786.6474000287368
0.4519436643410599,79.74341869929924,33.7052618987388,775.2593113676456
0.31687814160229505,78.7785546548998,32.34635087103774,633.1236401325411
0.6623457597401374,76.19488720415127,33.89652781225183,701.8466649264681
0.3578856268484925,79.0687970461423,32.82057920958078,653.1742307243178
0.3563066057239046,76.54286035296643,32.929860573299166,687.8542641429971
0.612990067660824,79.27137610601878,32.76639528769384,619.0264140606878
0.6977208109690551,73.10584290854418,33.94712609322584,772.7407706147067
0.34467823789941016,79.7297830546701,33.79511559746285,793.7957466419055
0.6440538542452529,76.50451381860182,32.44195295520761,709.5326001370155
0.6335163692373014,77.78456010432278,32.967208121902225,743.4668349878417
0.36026850540683025,70.30648535366115,32.39562241170116,705.8266200932652
0.40970439372096823,75.16112198362536,32.12574558589418,655.1294608691294
0.3970562885786641,78.38135556371108,32.664082503315264,699.0363775807123
0.5459775508103379,73.77952315568356,32.061080776886136,620.2322439537044
0.6824149274091023,70.32102747375109,33.82494758567637,625.2326172779042
0.336854390360788,73.87962762568186,33.377771575879294,734.0499214941601
0.32436391372250145,70.65544842571815,32.44479801160126,638.7731999658641
0.3476834865175513,74.34092378916246,33.60320949470971,735.3656539909803
0.39050884342609815,78.64810857972525,32.65210837714741,601.130047241767
0.6309354941744536,78.90699803610079,33.29147566761317,697.7414210055965
0.339655033811464,75.4411485199284,32.84989074318081,741.6148204868522
0.45567824585329175,79.55015269602308,33.46397554286122,600.6200817706437
0.5672289863117994,74.59916938600563,32.23378281744964,643.7312716716783
0.5678925539485842,70.12647630403677,32.34935921669135,643.8696248612545
0.6203406540051315,75.74435264757875,33.23379150718907,766.1036290846602
0.5984492605091369,74.61096867101186,32.63713065700293,693.5215564296685
0.6046535521944225,78.45110162166317,33.551249482603865,690.1928669640198
0.40516385043013364,72.62458813216136,33.95015720066854,799.1721074099723
0.3233737739701391,77.823971258445,33.732289939725256,720.9583149375403
0.41846073613255663,79.93957453931844,33.313329349656144,721.8352707686226
0.6017841440330625,75.17346485248001,33.19982400862904,752.1399429885337
0.37813503145567867,77.22074977725781,32.3367139077505,687.580807785574
0.40364703817861575,70.55224669140253,33.86514003983993,746.1701731430973
0.3068837772444991,73.4958249292359,33.84673648699687,627.2318413250299
0.6848806526458207,76.60491958743124,32.13820956727925,739.9735463852254
0.3956075514541213,78.2809906959564,32.772730713428935,798.0280557853598
0.3123706941520635,78.41827166061287,33.3643588790894,714.1478936905364
0.42914566161125034,71.52876614308111,33.10335790579121,699.0876936491393
0.40908733064919955,75.42281798626075,33.653187831228735,756.3781445287517
0.31693230236351266,76.00294183319946,32.73318978948672,618.4382147854377
0.3818647097091937,75.87263125011708,33.77778672268927,662.1932469282814
0.470031455040532,75.60014316600952,33.433146500824975,752.8878450503149
0.4987069848590535,76.94859494187396,32.26031822268332,757.5401853598022
0.42312009788391236,70.21645600263851,33.4615535881049,661.6454820029585
0.36239749503465474,73.72194097536618,32.3279601268801,706.0173547447082
0.45421521275655125,74.94648456085011,33.06180776952266,797.4901963262738
0.3079647436036648,72.57838035878507,32.432428357994475,630.2479991099966
0.568608326940703,73.23425531147497,32.50844725502198,611.9342673723759
0.3123866399463381,77.38629354389941,33.503003089436525,766.6101426615876
0.5717163678324193,73.18501836771361,32.30324226634258,758.0426452816796
0.43025012711234134,79.45773774633615,32.46545532929451,605.7335604123459
0.4234722702977638,71.47229973913628,33.8540012555514,606.3906411748659
0.4355715025662832,77.44740784630086,33.95080763118021,751.1407804646618
0.43122987651980293,73.28730167323346,32.711406946201485,741.5911056331074
0.47509928712401805,70.99747905816733,32.50708392993387,675.4987572491154
0.30688737773404073,79.51579544434176,32.0724420071228,683.3791582050536
0.43595095167465103,76.3724219867715,32.94916273276445,605.8793190614806
0.3738811576322978,76.14621960809971,32.83954933685788,631.6699892461946
0.4971628642980655,72.0693987233158,33.34640853151122,747.609862878233
0.4877944970491649,76.96332660800792,32.1655792777015,658.8425513928443
0.605636912180071,78.64512614075215,32.92012400948609,685.174393064188
0.5749994358913364,74.26954429389598,33.922400417718904,736.4005697072448
0.5676383959867645,73.45138552060749,32.84274834917051,608.6962393262257
0.3974440172286329,71.04451097879773,32.64766711480859,713.5504914534596
0.39435454325886576,77.25263946957158,32.23318317825647,688.1332692604852
0.602447278305375,75.24876075245231,32.495632548790226,756.7052329647126
0.4519293000508349,77.36117548705388,33.49847501107828,642.3139158981194
0.650820280363787,76.77332402700245,33.28150695632569,695.9140883373341
0.5149490942214693,78.79313579284744,32.77224837766001,765.9949922873886
0.4138014417197723,79.69082781782728,32.2612113615963,749.6501420695729
0.4353019268745043,74.69667448072707,32.52977841387376,717.672360523167
0.5547054161326463,73.33828061937783,32.84614017998239,781.3259153613819
0.5227858214882053,77.13684959829784,32.86674272039544,659.5511508065522
0.6370585468077118,78.40666340354576,32.30308818064091,746.3850944293383
0.42245759607362854,77.51556289846893,33.857134308609986,630.204268911311
0.5297908817225697,76.02791005296447,33.552444409817966,600.200496051367
0.3708990451761822,74.28313366625724,33.782974714955856,615.5398128647385
0.6056226177765032,77.4611238502179,33.340217468199945,669.2213483661159
0.43452637368225877,76.81112924843676,33.47311831569725,654.6753226420124
0.43161441450219884,76.22331816956964,32.78869969207562,671.5030727228918
0.37297744917754794,71.19332591042867,32.49672157215305,792.9115182291177
0.6210193085054654,70.84318282299056,33.379066809276,665.796555392941
0.553802579204221,76.42096561357567,33.83528980265175,613.0378047785546
0.49510131892824194,74.50345528256221,32.36536213515721,760.1791535901843
0.5376353097601649,79.14738420864109,33.682079824725314,735.3676487033102
0.48526974483921015,74.4938849837829,33.490139598993416,632.9746926857873
0.5729542186049488,78.79634939991264,33.05973057782686,646.6290150057365
0.3899601228969883,77.69046161678615,32.5059552906458,695.9322384502489
0.5506727955743227,77.54997058488259,32.87154898445013,707.3938909380364
0.6371727064757859,73.94824517159817,32.402111663599584,657.6475914059376
0.4497814157705357,79.15934560283891,33.60006630711218,687.4415612238021
0.6947333856736125,79.38373166359656,33.51467539976523,773.0496518434479
0.37906261228621774,75.81554407755425,32.62245740863265,673.6406113291399
0.4132000291813613,71.96765168077704,33.59312997158499,736.461904304591
0.37521784486832077,72.21496806101608,33.91882870213863,601.8710335615532
0.4678840280570076,79.08082891132308,33.279183677124756,766.6343999709029
0.5723729604616912,71.23151783396149,33.18441162159699,651.66437093411
0.4609166773342109,73.18832886702111,33.84483989013203,746.9212833600566
0.4563450654163257,79.53671581338223,33.667019228123664,785.871739360445
0.6778006008220653,70.75577776103185,32.15487289452779,740.7907496943477
0.5264139417486073,72.93385440098143,33.32653916378462,717.7961084822035
0.47223436872640434,71.62736805775602,32.876631966863435,601.1659164859667
0.5076026082952402,72.91709556714939,32.12557714156896,710.4603136459649
0.4349581436408601,71.31406157046375,32.82543389107623,795.5700401120861
0.3486937169336449,70.9686644418927,32.15004485883205,765.7784407441993
0.4521229273194806,73.07810318973063,33.12629159987128,719.5188952102912
0.6440009235253568,75.79054575172232,32.381043642193696,766.4188322314762
0.47131209551160713,72.82371425000044,32.82080172053447,629.5840700875018
0.5761895474908586,78.44610330440713,32.767569033955574,646.0159792910179
0.410240911954044,76.95162535910102,32.4105017503159,693.9344706520527
0.5790018566959791,75.64444659815584,33.913507068461634,742.5063966624261
0.5204648842940861,78.0665243761445,33.8687836901707,754.4338106902017
0.5451568439269486,76.310172581744,32.11482543465443,701.0775124001938
0.4158649356610351,72.95620186423658,33.59883744491294,752.5834318202152
0.5568371396867415,74.41556355991277,32.38136744810987,707.7747846994887
0.6857599859940251,78.07047521549795,33.13726192782904,783.9799275623346
0.4709588128210905,78.47678311382528,33.68060455152791,623.7735357958859
0.3956726358155445,77.34029266321296,33.26669926824611,728.9520217464396
0.558405739397233,76.53780684482318,32.49248944403186,645.0294907178932
0.348934879912571,74.73199834862457,33.11611610898363,649.6175095105973
0.3808893381422699,79.9017625721175,32.757099641620734,660.2790995476827
0.629486000424009,71.55006661817762,32.33154068709175,789.6801143466498
0.4298390989270569,79.56156245774758,32.17550091038509,716.7327312925173
0.5861045369586486,78.2785279896101,33.3066001583299,695.959934401806
0.34386180476062034,73.46023215715203,33.29003887423727,632.7998049060677
0.4648647772192303,73.93014752438305,33.01848258275661,701.5231603146367
0.6848649672616949,77.75452976123215,33.25270830243517,625.4376141471123
0.6213012718281551,71.76326401910593,32.593373607625935,714.6201107987728
0.4397370862268074,77.86083900318262,32.357974742578165,648.1415647542971
0.5710695260582792,76.92244273843266,33.153352295161646,630.4115381401784
0.6206506626484558,75.66362534579187,32.31497468727825,778.8459362813217
0.4786856664980006,70.37500133382106,33.9150621551711,699.7929062939253
0.512595497640238,79.497191469869,32.19488369791216,643.4826483883915
0.4983561496448946,77.95044853392916,32.70134249583933,708.0046426915341
0.4714854762759666,75.42956207063905,32.99557512704106,730.2276886893032
0.6004473089723171,76.28312400912343,33.90856807307064,753.979126708525
0.35718480384703866,74.28883393913131,33.80540773987129,759.7357703060504
0.6882886509307907,72.89209030601245,32.46609546903425,705.4747419398464
0.32772414004917727,78.57769641363228,33.171641343277315,696.8848589604768
0.43613344508433466,76.6264264421817,33.82061168980565,785.5603296848739
0.5966664860769213,78.03257803826793,32.98521792882058,784.3034465041056
0.4771185005373806,73.81094408554557,33.740769440646865,786.893439552221
0.3060024273427313,76.51912839561146,33.76968226011032,619.2017866088878
0.39326709468519333,74.05092879207264,32.904426052422735,704.5678051212062
0.5683385101986111,79.3272202747354,32.92008090153105,798.5821019293835
0.5508813192397234,75.19854058346884,32.55690794655812,742.5241524327704
0.357134403666844,71.858598557488,32.47489178588985,685.9729839649268
0.47772076462996993,79.75578949453225,33.22792776680808,637.7378645535044
0.4042678952740135,77.81968209760947,32.06231941110348,632.0991933189001
0.4879673790609481,71.66035328409399,32.44000865632946,611.0214764257425
0.6771175905696649,79.62819861815159,33.538099600944435,740.4893163388303
0.4812489467835036,74.54831641230365,32.59023830341866,650.4411453917351
0.5351711512349647,79.60866344402581,33.10885360335142,728.0889312653122
0.3568922999184395,78.18409161918115,33.95246339717325,653.9727122293726
0.6416540406714281,76.46325031087055,33.70594248770436,638.4147630631146
0.5365439158279499,79.87223897311254,33.53371455188314,699.8706807493886
0.35871030404918003,70.47773472538734,32.31123345636453,639.012489200682
0.4793526576069971,76.88331344032115,33.837311297121566,758.1003464933256
0.3217431824027763,73.96516691072421,33.02282024274761,763.1716200934995
0.5191273346859536,76.78307771697513,32.973144739162294,679.8290820847274
0.43022444769997803,77.18233257286096,32.81336657717069,624.194709243844
0.44338522242421213,73.83664547616326,33.63991839695887,681.9634803352335
0.4915153865582274,74.76924833535847,33.80623411997023,720.849370012034
0.32337498014724947,78.15506977086436,33.16723088607391,751.6833803867462
0.5865602494798426,71.77197480140273,33.10572768018493,690.1833865561474
0.5587475500140715,77.32673983865811,33.695928105100485,622.966703775576
0.41272913761685803,71.19905022810335,32.29685492086853,764.0422128973644
0.34090875336545273,75.58052174533091,32.72641766741333,729.4735048252197
0.6963854460321113,74.86371628003589,32.613808024423385,687.0008536040078
0.3919783475876253,79.9107378116018,33.68512125682138,645.2085184802224
0.5623294780427825,78.86807219872847,32.563853964906535,719.2166833836792
0.5233181175694589,70.72047377823677,33.17786250340218,779.5469176395231
0.453562261941448,76.40668452736952,32.16408750955611,730.1951720838077
0.5602527188159907,77.09426253236094,33.28897615052582,784.3844881940315
0.4460685715882419,77.95437211277623,33.19875564357489,790.1364640680885
0.3398700629965278,78.43908859879792,33.74629656775993,693.1327220645635
0.6760454709943622,71.80624770844842,33.21011763757714,682.0924798461213
0.5730641862478669,74.65657924405456,32.62802631926205,700.851904550171
0.3620944981080621,72.172515548319,32.13265375138999,682.7715902871139
0.5078675570218778,73.9574286279209,33.08003039373135,730.8434999142594
0.31056656493841306,70.11919671718142,33.599080730566286,659.5341276989197
0.6530531133606781,79.51270683263243,33.40851761187701,640.3807492678338
0.40850278530104345,77.98048354869692,32.05551640806094,644.1906187222446
0.5633706138733694,79.17504624755162,32.9288368783358,632.9670104161789
0.6152265613548156,71.52177493946711,32.895783067476636,716.5144803937957
0.5470785775134106,78.65500619415722,32.40172811124079,638.6190897725305
0.4090539568868072,70.85731249509462,32.32651213747175,761.995482415545
0.5748012314459305,75.98881631246083,32.850640265834215,784.2586385417405
0.33987596006872367,71.70626969008232,32.70716488146716,702.1745638198661
0.6203241938534225,76.26450509481369,32.281514902863925,616.6407780595248
0.4232872144013796,75.61128229848875,33.276962711305366,714.1417362288631
0.6461751793595626,71.5906325001083,32.569097108567576,733.589518470334
0.4670432144641081,73.07104061975411,32.69390855105338,612.3332444115595
0.43474319248911114,79.92249784904466,32.55500448404735,765.1041499786922
0.4485317836986555,74.91455333641954,33.4059296487771,701.4693312605079
0.45315886711265596,72.53769670380818,33.74933127832841,676.2010097063178
0.49477587997227546,73.85149365552581,33.47677045162309,720.1395615600139
0.5242650972730413,78.71773461032649,33.85483714675535,618.2238547840012
0.4225451084763881,74.05819502848182,32.94364716786677,755.5492841059597
0.47909295373434346,77.79468391350477,33.43558891360392,640.6343695308844
0.4154620793829551,76.06657513022319,33.333991847343356,614.3617873089956
0.6272901961909612,73.59020921324554,32.204871283983294,641.8827621164237
0.6131743573302343,76.66889743538104,32.06408563694263,773.1412485788176
0.4259527811257206,72.53946504524397,33.59955360752178,790.7179832703592
0.6114573916921184,72.41037316773269,33.33664194567713,776.005311770193
0.6455706749062802,72.12221419324644,32.72451448010147,719.248588035302
0.5523486603663859,73.01909886740874,32.739181324704326,797.4273292257662
0.4494000762409005,71.56154258869651,32.68897062563673,609.7918578655747
0.304646523969677,71.22482929580886,33.373629838174146,747.6579347376801
0.35124087701024853,70.96250773435791,33.31600901170513,621.0163758250038
0.5221732019430417,78.243987906066,33.66569338722608,677.1018680891083
0.3872894574726118,75.3241872719792,32.77043138766793,749.183916390248
0.338811846830034,79.08436464758273,32.92164107162939,749.1188606039293
0.47328025796717405,79.6184240054404,33.45894081730125,648.8043538878046
0.6553767829850549,72.87583105526214,32.190220583108825,794.2644661995369
0.5721199688618857,72.67379679304534,32.81173827090848,637.1068553356691
0.5339381048704809,75.26556892394247,33.70547693315971,719.716171303149
0.3875664276357442,75.5978205111272,32.48441367853733,709.9118352863916
0.47872661945942385,77.76541729014639,33.67413188231713,783.8226199185102
0.57893776093436,70.42451629476852,33.68338433591608,736.7711019631438
0.4060798425891723,76.76379670736526,32.88668156100417,736.0051826777233
0.45495965422774276,79.21209712737533,32.11597781659925,681.1395046879542
0.3391172195886624,78.83772407598417,32.91153936201801,757.9947893883365
0.6629314485837905,72.0102651442192,33.381251600355306,775.7183421116836
0.5935856525044025,79.21267601025393,33.530311200691045,675.110558286901
0.5442962542181555,70.3740847275863,33.23775097783516,668.1454672834128
0.3068741981673617,78.25868231716137,32.14365920602768,730.5299893057465
0.6152867564690123,72.81305860213098,33.73194342825787,675.1679471832813
0.5428767017686618,73.013130277207,33.790787900031965,674.9993978042498
0.5189529014853247,73.18167805120132,32.81102178667813,645.7443947742693
0.5812127689228193,75.79047136463208,33.93360473469301,789.4795943414115
0.4688098052430799,78.31917308630823,33.56502978180138,689.2926959792073
0.37664030744274085,71.14558729042247,32.415983839077256,778.714703371719
0.47913468238417023,74.2027168764635,33.19776372404151,721.5179041132411
0.36898948016849764,78.77962388579562,33.120023796234186,660.6819785514703
0.6001336546185125,76.69398144703446,32.54086582153857,644.7880977803229
0.598080101903171,75.90713839019183,33.18459211461845,710.9468103960174
0.5762623574165591,71.90006521166794,33.25242920929622,708.6947722410997
0.6646690525028549,79.41885610577974,33.99947245485666,725.7789757739781
0.4827814482545474,77.74880121384366,32.35310217765538,663.9765332670398
0.5639517022351948,70.28440401711217,33.221058223134165,720.9046830769721
0.4834794345941734,75.93440550599462,33.60874990980976,615.7255480095007
0.3721765148108915,75.14043544829886,33.539189306861495,689.6851346813572
0.3047328493243751,79.64112186812936,32.46657797632424,628.9748296898603
0.570576578152012,71.27841527971513,32.88396448917565,700.961719379563
0.4829172334961383,72.09644776919036,32.50176110586285,717.3929066999442
0.4428300410093725,77.13243235691036,32.41667095650301,677.2628912376529
0.6435157737570284,78.424345029191,33.8179552058769,636.0144190658104
0.4935357270600419,73.59922258615029,33.86480966407943,757.7330242550901
0.6958027380731401,71.07221188031737,32.2915308354288,709.0168059755642
0.32872683585109813,72.2593833980208,32.69554716076622,788.3266623214131
0.32000927442630267,74.52500950917631,32.85915970660374,622.0783456424354
0.6064262034209713,72.06869333609885,33.14804151299207,765.2135015070163
0.3228930495610833,76.58815191328111,33.61289840452486,643.9583210930803
0.5119804034733176,72.33629843542498,32.757538167118035,757.5300707845922
0.3109115686225189,77.01154101279603,32.90834114705359,653.3860898767426
0.4779508463811821,73.33322505273661,32.92217486410797,758.4910321806485
0.4881518175417111,71.9177247584988,33.22386014961551,762.5975834855045
0.40189553674158873,77.63480443774995,33.28357709688703,603.5416717816596
0.5805875732406904,76.76486960258993,32.21378342155153,777.4723930201355
0.5816967400601731,71.60614733512294,32.30746062332476,725.8537116789506
0.39959868161866424,76.58448931637415,33.703842527102964,742.4305658230944
0.4836960283624939,74.76070605314548,32.10228591898473,703.0532761510278
0.3721197275499436,75.08952773578616,33.37199716517442,655.1410763403804
0.6532612644878508,78.01708968587675,33.278980581156915,672.4764031952869
0.6514998828143082,72.48019845334125,32.66248578928527,698.4037699398548
0.5238579530348727,78.38955319300737,32.915297939189806,774.4264355034444
0.4472150706979723,71.62241148479093,32.52318035348346,681.2946458875097
0.5189235243918358,71.59650698014983,33.48624569914654,700.1008743267532
0.6955893494981518,73.63580972348883,33.152776005069704,747.9633259150456
0.43402012232997,77.70002742548803,33.28263658535882,724.5993156839517
0.3599984465209174,70.20468076092429,32.18231258638972,770.1911898745262
0.4047064545636873,70.80623228299348,32.31025956144008,726.7059728584809
0.3100728174422086,70.0930052340875,33.11963455871161,663.3317756191794
0.47541145519582867,76.85657351791096,32.217004794413846,628.4871812821808
0.5642318545939513,73.40749342608314,33.074406624273024,784.7448146568289
0.4689168942450074,72.90654722484709,33.50791424545079,743.7947420465574
0.4293496845067943,76.15139760199979,33.65898837663221,784.8228123710151
0.513974096301945,70.30902608341238,33.938937622983545,795.5005758502466
0.3674470536814327,79.35785686005006,33.29877506229287,776.6851530500687
0.6655097776032693,76.07532995061953,33.5476239350708,666.1098877633565
0.33291310563354415,75.64004211298197,33.87988586691152,677.779257254231
0.4931079594208939,70.79832206898062,32.42560421511271,679.2960359248315
0.4054505374711473,71.40717822282171,32.33662722083047,783.6500234834857
0.6402456997530936,70.00503330202196,32.92284318057758,626.9696511937269
0.653796221264952,70.91191472298894,32.159496846692896,609.5037769905465
0.42709191270606356,71.22761240731491,33.409408511656444,761.3842515509456
0.30784385109540796,74.75130293536834,33.98323924024068,636.3104184746882
0.5429134219634257,72.70286991599214,32.26613287636326,717.2989359247853
0.3921847278409527,73.14451406726978,32.973663543358406,755.1962992096326
0.35615012854300443,73.59648925799877,32.78459529280246,657.0396492781305
0.31302280066090954,70.73534678491842,32.312614218638,718.6377806857546
0.38708784395313867,71.98429974347897,32.03114010772927,682.4148247239932
0.6959202919104852,79.12942456042725,33.0968611003953,664.7448729246432
0.4307229996477418,79.04706177953067,33.640421264823566,691.3866021810286
0.6403215414540816,73.12181977425976,32.58696846186223,720.1393045372103
0.3367731577624596,76.20146005396826,33.45973824383783,606.7714592694723
0.3991372687623967,73.556512740133,33.65153293420042,672.1885400811115
0.38393168664235683,73.24933418226475,33.42604313054519,730.115796715413
0.5242222607099295,75.6435924200187,32.40649635250694,724.1457766150401
0.3407586606440622,74.137431299078,32.94916016164745,681.8116687245822
0.4900472846124654,76.1981038968571,32.353124946670086,750.7493365821202
0.38364746242097914,79.29371423434812,33.84461132013907,690.5693789363947
0.5868957770014933,73.8072639535479,33.793105321680756,683.1974754268869
0.4493967198987763,76.51928240225115,32.454006234589166,626.4999284299996
0.4530421507790345,76.12422440732576,32.83250127998524,636.7092062275689
0.6568475661773772,75.55530939740032,33.12415904921595,665.6919573413637
0.5637434848519525,73.91718269903619,33.387355839089466,685.6045665484302
0.5195103670141923,73.19384630655503,32.16032974584733,690.3894684575087
0.480525049659441,76.1352116679969,33.26976863473299,667.600393077419
0.4975371845231584,70.59006727157049,32.30878000850996,715.4636973899976
0.5481421901494961,71.51061890125119,32.56918880951664,750.985139008634
0.49202421914614974,72.10200312908982,33.37800658371245,684.7676045460488
0.6601210996437888,73.11008596693563,32.37170137028518,770.109172453132
0.5905152606082903,77.67619091249722,33.398323531863745,757.6083313453637
0.38262993272962076,72.20645990620885,33.907685678866734,770.1978896441595
0.46498010422561,78.9630107660766,32.20576343197746,753.1211279479829
0.4025598324445328,71.35864947365984,33.30002060900615,709.9094042868479
0.6563640696188289,73.52785266320423,33.22848845155815,739.5997334213142
0.5636590074963526,73.84469162071014,33.73045123140867,743.0259211891914
0.6753404799719871,79.4270551829668,32.19603880438628,645.7779853076838
0.4237856792264587,77.81528694035461,32.08288566602627,616.8034385998513
0.5391163813259708,77.71045224215051,33.266168632369514,698.6441510408754
0.41037213671971573,76.26887038844319,32.335753740364204,736.9095230557004
0.40332196623550237,70.272549519303,32.04182213197845,789.3342903618072
0.5845561182809504,75.23941855099177,33.351612372538966,700.5018556483524
0.5298421161030025,77.20738506419725,32.2932595962358,619.2806693538749
0.5291413117883887,79.52650518541137,33.59260345443236,791.1046588822846
0.5727267093934924,75.68352040282828,33.92207298025779,727.9927820894059
0.33474574327861917,79.42354114517899,32.288608843206816,707.4870561006976
0.5080918374907405,78.4573033951188,33.611610956383146,691.5063620995945
0.47748064387046796,77.04325642008169,32.31402626125599,701.2033564267248
0.45982600650008193,75.0167066395406,32.60114831986468,653.5170291284508
0.5451674255277985,70.20850798198084,32.931347389350734,737.5244104568006
0.3343646681413817,74.29123566189536,33.03344036035528,632.429895452478
0.6507159910904238,74.34790453843794,33.10982705608859,608.0726484754335
0.33306817280962253,78.48299677104077,33.5068787276839,764.7964433340654
0.5886927211477107,70.96213417856923,33.39372288516949,694.1335980615598
0.44490619521488284,71.52357175627454,33.974437855347155,785.9906168453637
0.508275017158054,73.7703885000972,32.711167174522785,789.0269484128082
0.38605241317910854,74.82332981091882,33.090402850239904,661.0461881113484
0.34058072684255997,78.2642370893515,33.175176880064086,777.1047577163417
0.6306266915120909,76.77730867240122,32.92664289215821,754.4415254811754
0.599249208461082,74.54884278865566,32.93592027875533,740.2113320614499
0.5267130312417777,70.87585752419335,32.769517218288975,708.6446389357881
0.5559631485583646,76.42463879508504,33.494420623707605,635.9031337187914
0.5700358122700679,73.86149456265693,33.83339107941594,763.3011201935007
0.5162505461947505,73.99717732152487,32.50367686959279,691.8053035836273
0.5716623178694129,73.19649676704456,32.0235631143273,756.6001796776644
0.43260975783748634,77.12196030477496,33.90869956906332,687.316611732679
0.6084273747675037,72.1695533589939,33.157676581803834,690.9019617776268
0.5185280886895997,75.41510803602205,33.01116288973332,765.4367639461759
0.6330169541636375,75.55869271929836,33.70757637507208,735.0620328659257
0.6921688155067837,74.9897425549929,33.86514825163251,715.666471060912
0.6685304405123887,75.45557155467993,32.284060553494456,696.8645151059084
0.40160121684618194,77.97051088032819,32.27713789141341,732.8442605635779
0.32261767011360026,78.22284152214873,32.96530290945531,735.7615037782533
0.33788580796641215,74.26260751291689,32.52835754541713,789.4447008899235
0.4093893213580837,76.82999052924944,32.71819555281805,786.8242991827556
0.4245513103603201,74.72293096498919,32.978035567766945,795.9549530254701
0.6674836122563303,75.35157633201996,32.84144910826235,733.8909576003035
0.4635627361959402,77.31287826526795,33.88247064650089,699.7988908981204
0.5407338867904455,72.1278468094775,33.834483101613365,652.7632228534633
0.344124287326351,78.11067895480679,32.29284503221483,666.2575966207082
0.647376674763309,75.4918178966852,32.085435699817815,682.530002287391
0.5886869591469761,71.38555572868651,33.33321635600099,792.011146105154
0.48867845637332386,75.066930430213,32.90219255086091,777.8785742905192
0.5455382432735632,75.85522531929453,32.17973985596133,760.6203834306343
0.45252117740015413,72.08603369323775,32.84115946173923,731.1474609957262
0.37729315920972994,78.61533870128706,33.26218939645008,748.4295459372697
0.6668619001659376,72.05562497365021,33.07417591314777,620.6320939966433
0.387317711614688,75.57993812080525,33.9346713248065,652.79315711538
0.5439282988245014,76.76359598841158,33.91410095432543,727.1224705291867
0.6009352905676862,79.24029549013592,33.97432864277748,723.9626294774325
0.4873556740281013,70.73422699833094,33.51081202080567,730.8385917205885
0.6105395307500654,71.3257394362938,33.64317804079463,686.8072836144557
0.6268484865209537,77.90289544733628,32.008108469104364,630.287923428848
0.6938897966190207,78.20588970498653,32.22927380070621,642.5401147589399
0.608422224622015,73.6462371174849,32.392329380073626,766.0398426297119
0.5702135252251685,77.67835379813752,33.95940687721987,736.8750164298631
0.6721416389467405,71.43951972269315,32.3921121743141,737.2122405962094
0.43758203900738724,72.15605801752967,32.2687696914872,775.2165022377254
0.32922131997418197,75.75720243807905,32.02068330041636,627.8309339863011
0.3707396036079508,77.3571755135351,32.009741942694205,609.6891596796223
0.6538197754550601,77.31944904670749,32.03265314733062,778.8804753562035
0.48809354712040687,74.90313034057895,33.175207291089215,738.3299069913087
0.5178198687957352,79.46327057891517,33.76592686058185,746.7087871025482
0.3496006189575574,73.38011632327249,33.4786223806297,620.3199555739474
0.5834367637156126,72.421416072379,33.54312902114183,749.4719931043335
0.34654510314102277,79.1913215072571,32.85789314260695,790.0422247980235
0.4327905007185212,79.9317558428159,32.30413154510212,619.2412173183938
0.6589380112240467,78.38752782563229,32.35443735556828,754.4779062458292
0.4618467893980159,77.18029867384742,32.39145396254748,727.486151848212
0.38761024104136516,70.32789917597712,32.897457931427454,755.1357092267114
0.5117843949251276,70.57803747783767,32.9072363932251,746.4914671519773
0.3000261050043858,70.7305139924598,32.22735987483981,742.325038454192
0.3380513868552414,75.07284084249005,33.25644960184068,708.5658398753936
0.5315354486047188,72.02292031095267,32.42858351587884,674.652473868406
